# Time	Probe 0	Probe 1
20	( -0.001168308558 0.01068387254 -0.001168760076 )	( -8.794962326e-05 0.0006129584895 -8.78998529e-05 )
