# Time	Probe 0	Probe 1
100	( 0.02018386809 0.09868213258 0.0201754701 )	( -0.005825228171 0.0442803358 -0.005826153154 )
