# Time	Umin	Umin location	Umax	Umax location	Umean	UstDev
10	0.1675005733	( 0.111875 0.1455 0.005 )	29.71252439	( 0.053375 0.0165 0.005 )	6.343092436	3.329678548
