# Time	Probe 0
0.00973099	300.0000052
