# Time	massFlux	Tmin	Tmax	Tmean	TstDev
10	-5.759824041e-19	302.7128163	342.6416962	315.4701388	13.13343316
