# Time	Probe 0
0.0492348	300.6519784
