# Time	Umin	Umin location	Umax	Umax location	Umean	UstDev	pmin	pmin location	pmax	pmax location	pmean	pstDev	totalVolume
0.00125	8.192123051e-08	( 0.515 0.175 0.005 )	0.05249084763	( 0.305 0.095 0.005 )	0.004636750544	0.005187451807	-110.285464	( 0.005 0.155 0.005 )	2129.929997	( 0.995 0.005 0.005 )	212.3543463	431.7418077	0.00385
0.00270833	3.657630682e-08	( 0.615 0.165 0.005 )	0.107894544	( 0.005 0.205 0.005 )	0.01009159364	0.01116395115	-114.6788806	( 0.005 0.155 0.005 )	2132.73365	( 0.995 0.005 0.005 )	212.8244046	433.0376744	0.00385
0.00453125	2.036931834e-08	( 0.365 0.095 0.005 )	0.1770974497	( 0.005 0.205 0.005 )	0.0169996353	0.01894568989	-117.1952903	( 0.005 0.155 0.005 )	2135.382157	( 0.995 0.005 0.005 )	213.2927934	434.0227069	0.00385
0.00635417	5.271574193e-08	( 0.515 0.165 0.005 )	0.2539981156	( 0.295 0.215 0.005 )	0.02393660088	0.02678718752	-120.8616628	( 0.005 0.155 0.005 )	2139.362425	( 0.995 0.005 0.005 )	213.9685625	435.4814509	0.00385
0.00817708	4.550143837e-08	( 0.615 0.165 0.005 )	0.3286718099	( 0.295 0.215 0.005 )	0.03086447299	0.03458677752	-123.7603276	( 0.005 0.155 0.005 )	2143.426821	( 0.995 0.005 0.005 )	214.6375744	436.843248	0.00385
0.01	0.0002754783488	( 0.645 0.005 0.005 )	0.391223335	( 0.995 0.215 0.005 )	0.05505102914	0.04023789931	-258.9302015	( 0.005 0.135 0.005 )	2141.405492	( 0.995 0.005 0.005 )	146.7592096	339.8341269	0.00385
