# Time	Tmin	Tmin location	Tmax	Tmax location	Tmean	TstDev
0.00125	473.1146581	( 0.01860531357 -0.0005000001818 0.006454609345 )	473.15	( 0.002975705494 -0.0005000001815 0.008947836707 )	473.148817	0.004276048288
0.00270833	473.0958141	( 0.01860531357 -0.0005000001818 0.006454609345 )	473.15	( -0.006966183809 -0.0005000001821 -0.004973625556 )	473.1481114	0.006587240831
0.00453125	473.0820367	( 0.01860531357 -0.0005000001818 0.006454609345 )	473.15	( 0.008954236236 -0.0005000001819 0.0009921785034 )	473.1474982	0.008342062751
0.00635417	473.0736225	( 0.01860531357 -0.0005000001818 0.006454609345 )	473.15	( 0.0009977569915 -0.0005000001819 0.004990599798 )	473.1470068	0.009573758477
0.00817708	473.06823	( 0.01860531357 -0.0005000001818 0.006454609345 )	473.15	( 0.0009977569915 -0.0005000001819 0.004990599798 )	473.1465872	0.01051035656
0.01	473.0647122	( 0.01860531357 -0.0005000001818 0.006454609345 )	473.15	( -0.0009990809428 -0.000500000182 -0.0009990804656 )	473.1462163	0.01126090502
