# Time	Probe 0	Probe 1
1	300.1548457	300.0000006
2	300.2849529	300.0000023
3	300.3878976	300.0000069
4	300.4677439	300.0000173
5	300.5295688	300.0000385
6	300.5778013	300.0000769
7	300.615897	300.0001408
8	300.6464323	300.0002398
9	300.6712933	300.0003846
10	300.6918532	300.0005862
