# Time	massFlux	Tmin	Tmax	Tmean	TstDev
10	1.737545082e-23	305.0837129	307.2379431	305.5832805	0.3838818879
