# Time	Umin	Umin location	Umax	Umax location	Umean	UstDev	pmin	pmin location	pmax	pmax location	pmean	pstDev	totalVolume
0.00125	2.299077473e-08	( 0.495 0.145 0.005 )	0.03906021692	( 0.305 0.095 0.005 )	0.0003230825422	0.001806519034	-9.761104824	( 0.185 0.995 0.005 )	1329.019055	( 0.005 0.005 0.005 )	212.3500522	383.5159284	0.00385
0.00270833	1.777984624e-08	( 0.495 0.145 0.005 )	0.07898496551	( 0.305 0.095 0.005 )	0.0006709713912	0.003721221766	-9.761311669	( 0.185 0.995 0.005 )	1330.026729	( 0.005 0.005 0.005 )	212.731773	384.4147046	0.00385
0.00453125	4.500490612e-09	( 0.505 0.035 0.005 )	0.1285521516	( 0.305 0.095 0.005 )	0.001097088317	0.006309841287	-9.761017178	( 0.185 0.995 0.005 )	1330.526334	( 0.005 0.005 0.005 )	212.9287189	384.7947561	0.00385
0.00635417	3.67669823e-09	( 0.505 0.035 0.005 )	0.1755278734	( 0.305 0.095 0.005 )	0.001509883841	0.009042551735	-9.760950097	( 0.495 0.995 0.005 )	1331.172263	( 0.995 0.005 0.005 )	213.1631032	385.2940807	0.00385
0.00817708	1.367958401e-08	( 0.495 0.145 0.005 )	0.2214481634	( 0.305 0.095 0.005 )	0.001912835469	0.01185878314	-9.760950056	( 0.515 0.995 0.005 )	1331.462786	( 0.995 0.005 0.005 )	213.2565124	385.5229754	0.00385
0.01	0.0002072440573	( 0.005 0.005 0.005 )	0.2855498693	( 0.685 0.055 0.005 )	0.02235598798	0.02959789155	-20.90217775	( 0.995 0.395 0.005 )	1177.773976	( 0.005 0.005 0.005 )	145.4064808	282.0078789	0.00385
