# Time	massFlux	Urelmin	Urelmax	Urelmean	UrelstDev
50	3.615	31.44338948	49.85955989	47.76725266	3.33557158
