# Time	massFlux	Umin	Umax	Umean	UstDev
10	-0.0008498108424	4.284665239e-05	0.237611839	0.02897622946	0.03250517771
