# Time	Probe 0	Probe 1
10	( -0.0006586427122 0.007220274567 -0.0006586011528 )	( -6.184716973e-05 0.0008096431909 -6.183676985e-05 )
