# Time	massFlux	Tmin	Tmax	Tmean	TstDev
50	-3.469446952e-18	307.7941065	350.5352998	323.2155959	15.23016928
