# Time	massFlux	Urelmin	Urelmax	Urelmean	UrelstDev
10	3.615	45.98880539	50.89102701	47.76081129	1.303005412
