# Time	massFlux	Tmin	Tmax	Tmean	TstDev
50	3.622811688	299.9996624	303.1285424	300.7756255	0.9151819986
