# Time	Probe 0	Probe 1
50	( 0.01335756591 0.09856879052 0.01335582266 )	( -0.001750688383 0.02508806164 -0.001750376359 )
