# Time	massFlux	Tmin	Tmax	Tmean	TstDev
50	-2.483889204e-24	309.9489176	317.6548556	312.6074029	1.746910203
