# Time	massFlux	Umin	Umax	Umean	UstDev
50	0.0001710813384	0.009040044639	0.870662509	0.2246394744	0.08678760808
