# Time	Umin	Umin location	Umax	Umax location	Umean	UstDev
50	0.07134865127	( 0.1366249835 0.001500041158 0.005 )	31.62877051	( 0.015125 0.0795 0.005 )	7.35374289	5.116845084
