# Time	Probe 0	Probe 1
20	( -0.001082843589 0.009450871493 -0.001083280628 )	( -7.474534451e-05 0.0005649051103 -7.470837222e-05 )
