# Time	massFlux	Tmin	Tmax	Tmean	TstDev
10	3.616283	300.0118759	300.1399589	300.0364723	0.03375514032
