# Time	Probe 0	Probe 1
100	( 0.02370204733 0.1127095329 0.02369305506 )	( -0.008459659456 0.06626424496 -0.00846117564 )
